date;advert_id;views;clicks;cost;orders;revenue;ctr;cpc;cr
2025-11-05;29731520;1044;42;2523.96;7;4900;4.02;60.09;16.67
2025-11-10;29731520;3806;310;6394.12;47;32429;8.15;20.63;15.16
2025-11-12;29731520;4617;344;7152.78;49;31069;7.45;20.79;14.24
2025-11-14;29731520;1792;127;3045.27;17;10889;7.09;23.98;13.39
2025-10-28;29731520;3808;140;6854.4;14;11369;3.68;48.96;10
2025-10-30;29731520;1022;65;2145;4;2920;6.36;33;6.15
2025-11-03;29731520;1363;111;3296.26;12;8539;8.14;29.7;10.81
2025-11-07;29731520;1858;107;3067.39;13;9100;5.76;28.67;12.15
2025-11-09;29731520;3143;262;5261.34;34;23600;8.34;20.08;12.98
2025-11-15;29731520;1293;106;2186.5;20;12780;8.2;20.63;18.87
2025-10-27;29731520;1717;78;3090.6;8;6800;4.54;39.62;10.26
2025-11-04;29731520;1469;56;3554.98;5;3640;3.81;63.48;8.93
2025-11-08;29731520;2198;130;3627.45;19;13300;5.91;27.9;14.62
2025-11-11;29731520;4042;363;6792.01;72;45421;8.98;18.71;19.83
2025-11-13;29731520;3006;237;5105.66;33;20990;7.88;21.54;13.92
2025-11-16;29731520;3717;236;6132.75;37;23309;6.35;25.99;15.68
2025-10-26;29731520;1758;65;3164.4;6;6000;3.7;48.68;9.23
2025-10-29;29731520;2013;117;4163.7;17;12430;5.81;35.59;14.53
2025-10-31;29731520;992;82;2082.3;16;11260;8.27;25.39;19.51
2025-11-02;29731520;2187;220;5290.32;34;23940;10.06;24.05;15.45
2025-11-06;29731520;784;24;1295.91;4;2940;3.06;54;16.67
2025-11-01;29731520;2782;195;6392.6;26;18339;7.01;32.78;13.33
2025-11-17;29731520;244;21;412.68;0;0;8.61;19.65;0
2025-10-28;29731520;3808;140;6854.4;14;11369;3.68;48.96;10
2025-10-29;29731520;2013;117;4163.7;17;12430;5.81;35.59;14.53
2025-10-31;29731520;992;82;2082.3;16;11260;8.27;25.39;19.51
2025-11-02;29731520;2187;220;5290.32;34;23940;10.06;24.05;15.45
2025-11-05;29731520;1044;42;2523.96;7;4900;4.02;60.09;16.67
2025-11-06;29731520;784;24;1295.91;4;2940;3.06;54;16.67
2025-11-12;29731520;4617;344;7152.78;49;31069;7.45;20.79;14.24
2025-11-03;29731520;1363;111;3296.26;12;8539;8.14;29.7;10.81
2025-11-07;29731520;1858;107;3067.39;13;9100;5.76;28.67;12.15
2025-11-08;29731520;2198;130;3627.45;19;13300;5.91;27.9;14.62
2025-11-13;29731520;3006;237;5105.66;33;20990;7.88;21.54;13.92
2025-11-14;29731520;1792;127;3045.27;17;10889;7.09;23.98;13.39
2025-10-26;29731520;1758;65;3164.4;6;6000;3.7;48.68;9.23
2025-10-30;29731520;1022;65;2145;4;2920;6.36;33;6.15
2025-11-04;29731520;1469;56;3554.98;5;3640;3.81;63.48;8.93
2025-11-10;29731520;3806;310;6394.12;47;32429;8.15;20.63;15.16
2025-11-16;29731520;3717;236;6132.75;37;23309;6.35;25.99;15.68
2025-10-27;29731520;1717;78;3090.6;8;6800;4.54;39.62;10.26
2025-11-01;29731520;2782;195;6392.6;26;18339;7.01;32.78;13.33
2025-11-09;29731520;3143;262;5261.34;34;23600;8.34;20.08;12.98
2025-11-11;29731520;4042;363;6792.01;72;45421;8.98;18.71;19.83
2025-11-15;29731520;1293;106;2186.5;20;12780;8.2;20.63;18.87
2025-11-17;29731520;538;65;900.91;4;2520;12.08;13.86;6.15
2025-10-27;29731520;1717;78;3090.6;8;6800;4.54;39.62;10.26
2025-10-31;29731520;992;82;2082.3;16;11260;8.27;25.39;19.51
2025-11-01;29731520;2782;195;6392.6;26;18339;7.01;32.78;13.33
2025-11-04;29731520;1469;56;3554.98;5;3640;3.81;63.48;8.93
2025-11-07;29731520;1858;107;3067.39;13;9100;5.76;28.67;12.15
2025-11-09;29731520;3143;262;5261.34;34;23600;8.34;20.08;12.98
2025-11-12;29731520;4617;344;7152.78;49;31069;7.45;20.79;14.24
2025-11-15;29731520;1293;106;2186.5;20;12780;8.2;20.63;18.87
2025-11-02;29731520;2187;220;5290.32;34;23940;10.06;24.05;15.45
2025-11-06;29731520;784;24;1295.91;4;2940;3.06;54;16.67
2025-11-10;29731520;3806;310;6394.12;47;32429;8.15;20.63;15.16
2025-11-11;29731520;4042;363;6792.01;72;45421;8.98;18.71;19.83
2025-11-13;29731520;3006;237;5105.66;33;20990;7.88;21.54;13.92
2025-10-26;29731520;1758;65;3164.4;6;6000;3.7;48.68;9.23
2025-10-29;29731520;2013;117;4163.7;17;12430;5.81;35.59;14.53
2025-10-30;29731520;1022;65;2145;4;2920;6.36;33;6.15
2025-11-03;29731520;1363;111;3296.26;12;8539;8.14;29.7;10.81
2025-11-14;29731520;1792;127;3045.27;17;10889;7.09;23.98;13.39
2025-10-28;29731520;3808;140;6854.4;14;11369;3.68;48.96;10
2025-11-05;29731520;1044;42;2523.96;7;4900;4.02;60.09;16.67
2025-11-08;29731520;2198;130;3627.45;19;13300;5.91;27.9;14.62
2025-11-16;29731520;3717;236;6132.75;37;23309;6.35;25.99;15.68
2025-11-17;29731520;2479;244;4143.22;37;23310;9.84;16.98;15.16
2025-11-18;29731520;1;0;1.95;1;630;0;0;0
2025-11-07;29731520;1858;107;3067.39;13;9100;5.76;28.67;12.15
2025-11-10;29731520;3806;310;6394.12;47;32429;8.15;20.63;15.16
2025-11-14;29731520;1792;127;3045.27;17;10889;7.09;23.98;13.39
2025-11-15;29731520;1293;106;2186.5;20;12780;8.2;20.63;18.87
2025-10-27;29731520;1717;78;3090.6;8;6800;4.54;39.62;10.26
2025-11-05;29731520;1044;42;2523.96;7;4900;4.02;60.09;16.67
2025-11-11;29731520;4042;363;6792.01;72;45421;8.98;18.71;19.83
2025-10-31;29731520;992;82;2082.3;16;11260;8.27;25.39;19.51
2025-11-01;29731520;2782;195;6392.6;26;18339;7.01;32.78;13.33
2025-11-08;29731520;2198;130;3627.45;19;13300;5.91;27.9;14.62
2025-11-09;29731520;3143;262;5261.34;34;23600;8.34;20.08;12.98
2025-11-12;29731520;4617;344;7152.78;49;31069;7.45;20.79;14.24
2025-11-17;29731520;2479;244;4143.22;40;25200;9.84;16.98;16.39
2025-10-26;29731520;1758;65;3164.4;6;6000;3.7;48.68;9.23
2025-10-28;29731520;3808;140;6854.4;14;11369;3.68;48.96;10
2025-11-02;29731520;2187;220;5290.32;34;23940;10.06;24.05;15.45
2025-11-04;29731520;1469;56;3554.98;5;3640;3.81;63.48;8.93
2025-11-06;29731520;784;24;1295.91;4;2940;3.06;54;16.67
2025-11-13;29731520;3006;237;5105.66;33;20990;7.88;21.54;13.92
2025-11-16;29731520;3717;236;6132.75;37;23309;6.35;25.99;15.68
2025-10-29;29731520;2013;117;4163.7;17;12430;5.81;35.59;14.53
2025-10-30;29731520;1022;65;2145;4;2920;6.36;33;6.15
2025-11-03;29731520;1363;111;3296.26;12;8539;8.14;29.7;10.81
2025-11-18;29731520;5;0;6.1;1;630;0;0;0
2025-11-05;29709658;7;1;14.25;0;0;14.29;14.25;0
2025-11-15;29709658;788;42;1052.09;3;2430;5.33;25.05;7.14
2025-10-27;29709658;3934;134;7862.89;6;5400;3.41;58.68;4.48
2025-11-03;29709658;5;0;10.35;1;840;0;0;0
2025-11-06;29709658;0;1;0;0;0;0;0;0
2025-11-10;29709658;2;0;4.65;0;0;0;0;0
2025-11-11;29709658;4021;261;7439;25;20351;6.49;28.5;9.58
2025-10-30;29709658;1033;64;2117.45;3;2610;6.2;33.09;4.69
2025-11-08;29709658;870;92;2304.2;10;8120;10.57;25.05;10.87
2025-11-13;29709658;34;1;50.95;1;830;2.94;50.95;100
2025-11-14;29709658;1472;71;2017.27;7;5670;4.82;28.41;9.86
2025-10-29;29709658;2051;121;4185;8;6960;5.9;34.59;6.61
2025-10-31;29709658;921;49;2115.7;3;2520;5.32;43.18;6.12
2025-10-28;29709658;2649;147;5296.3;12;10389;5.55;36.03;8.16
2025-11-04;29709658;2;1;4.35;0;0;50;4.35;0
2025-11-09;29709658;1362;107;3595.65;13;10370;7.86;33.6;12.15
2025-11-01;29709658;2321;116;5862.35;9;7420;5;50.54;7.76
2025-11-16;29709658;1959;88;3049.54;8;6480;4.49;34.65;9.09
2025-10-25;29709658;2099;74;4198;11;11000;3.53;56.73;14.86
2025-10-26;29709658;1594;31;3188;8;8000;1.94;102.84;25.81
2025-11-02;29709658;10;1;24.2;1;840;10;24.2;100
2025-11-12;29709658;3799;155;6223.4;16;13080;4.08;40.15;10.32
2025-11-17;29709658;5;2;6.95;0;0;40;3.47;0
2025-11-07;29709658;0;0;0;2;1680;0;0;0
2025-11-17;30467498;138;1;43.54;1;630;0.72;43.54;100
2025-11-16;30467498;6206;264;2027.81;34;21780;4.25;7.68;12.88
2025-11-18;30467498;1066;55;356.41;0;0;5.16;6.48;0
2025-11-18;30535614;292;7;105.05;0;0;2.4;15.01;0
2025-11-08;29731520;2198;130;3627.45;19;13300;5.91;27.9;14.62
2025-11-13;29731520;3006;237;5105.66;33;20990;7.88;21.54;13.92
2025-11-14;29731520;1792;127;3045.27;17;10889;7.09;23.98;13.39
2025-10-27;29731520;1717;78;3090.6;8;6800;4.54;39.62;10.26
2025-11-03;29731520;1363;111;3296.26;12;8539;8.14;29.7;10.81
2025-11-06;29731520;784;24;1295.91;4;2940;3.06;54;16.67
2025-11-10;29731520;3806;310;6394.12;47;32429;8.15;20.63;15.16
2025-11-11;29731520;4042;363;6792.01;72;45421;8.98;18.71;19.83
2025-11-05;29731520;1044;42;2523.96;7;4900;4.02;60.09;16.67
2025-11-07;29731520;1858;107;3067.39;13;9100;5.76;28.67;12.15
2025-11-15;29731520;1293;106;2186.5;20;12780;8.2;20.63;18.87
2025-11-02;29731520;2187;220;5290.32;34;23940;10.06;24.05;15.45
2025-11-12;29731520;4617;344;7152.78;49;31069;7.45;20.79;14.24
2025-11-17;29731520;2479;244;4143.22;40;25200;9.84;16.98;16.39
2025-10-26;29731520;1758;65;3164.4;6;6000;3.7;48.68;9.23
2025-11-01;29731520;2782;195;6392.6;26;18339;7.01;32.78;13.33
2025-11-16;29731520;3717;236;6132.75;37;23309;6.35;25.99;15.68
2025-10-28;29731520;3808;140;6854.4;14;11369;3.68;48.96;10
2025-11-04;29731520;1469;56;3554.98;5;3640;3.81;63.48;8.93
2025-11-09;29731520;3143;262;5261.34;34;23600;8.34;20.08;12.98
2025-10-29;29731520;2013;117;4163.7;17;12430;5.81;35.59;14.53
2025-10-31;29731520;992;82;2082.3;16;11260;8.27;25.39;19.51
2025-10-30;29731520;1022;65;2145;4;2920;6.36;33;6.15
2025-11-18;29731520;739;86;1238;7;4409;11.64;14.4;8.14
2025-11-17;30467700;6843;254;3417.97;10;12090;3.71;13.46;3.94
2025-11-16;30467700;8334;299;4162.44;11;13860;3.59;13.92;3.68
2025-11-18;30467700;1537;89;476.04;2;2520;5.79;5.35;2.25
2025-10-28;29731520;3808;140;6854.4;14;11369;3.68;48.96;10
2025-10-29;29731520;2013;117;4163.7;17;12430;5.81;35.59;14.53
2025-10-31;29731520;992;82;2082.3;16;11260;8.27;25.39;19.51
2025-11-05;29731520;1044;42;2523.96;7;4900;4.02;60.09;16.67
2025-11-06;29731520;784;24;1295.91;4;2940;3.06;54;16.67
2025-11-10;29731520;3806;310;6394.12;47;32429;8.15;20.63;15.16
2025-11-11;29731520;4042;363;6792.01;72;45421;8.98;18.71;19.83
2025-10-27;29731520;1717;78;3090.6;8;6800;4.54;39.62;10.26
2025-11-01;29731520;2782;195;6392.6;26;18339;7.01;32.78;13.33
2025-11-02;29731520;2187;220;5290.32;34;23940;10.06;24.05;15.45
2025-11-08;29731520;2198;130;3627.45;19;13300;5.91;27.9;14.62
2025-11-12;29731520;4617;344;7152.78;49;31069;7.45;20.79;14.24
2025-11-13;29731520;3006;237;5105.66;33;20990;7.88;21.54;13.92
2025-11-15;29731520;1293;106;2186.5;20;12780;8.2;20.63;18.87
2025-11-16;29731520;3717;236;6132.75;37;23309;6.35;25.99;15.68
2025-10-30;29731520;1022;65;2145;4;2920;6.36;33;6.15
2025-11-04;29731520;1469;56;3554.98;5;3640;3.81;63.48;8.93
2025-11-14;29731520;1792;127;3045.27;17;10889;7.09;23.98;13.39
2025-11-17;29731520;2479;244;4143.22;40;25200;9.84;16.98;16.39
2025-11-03;29731520;1363;111;3296.26;12;8539;8.14;29.7;10.81
2025-11-07;29731520;1858;107;3067.39;13;9100;5.76;28.67;12.15
2025-11-09;29731520;3143;262;5261.34;34;23600;8.34;20.08;12.98
2025-10-26;29731520;1758;65;3164.4;6;6000;3.7;48.68;9.23
2025-11-18;29731520;785;95;1314.84;7;4409;12.1;13.84;7.37
2025-10-29;29731520;2013;117;4163.7;17;12430;5.81;35.59;14.53
2025-11-02;29731520;2187;220;5290.32;34;23940;10.06;24.05;15.45
2025-11-04;29731520;1469;56;3554.98;5;3640;3.81;63.48;8.93
2025-11-09;29731520;3143;262;5261.34;34;23600;8.34;20.08;12.98
2025-11-11;29731520;4042;363;6792.01;72;45421;8.98;18.71;19.83
2025-11-15;29731520;1293;106;2186.5;20;12780;8.2;20.63;18.87
2025-10-27;29731520;1717;78;3090.6;8;6800;4.54;39.62;10.26
2025-10-31;29731520;992;82;2082.3;16;11260;8.27;25.39;19.51
2025-11-06;29731520;784;24;1295.91;4;2940;3.06;54;16.67
2025-11-13;29731520;3006;237;5105.66;33;20990;7.88;21.54;13.92
2025-11-16;29731520;3717;236;6132.75;37;23309;6.35;25.99;15.68
2025-11-05;29731520;1044;42;2523.96;7;4900;4.02;60.09;16.67
2025-10-28;29731520;3808;140;6854.4;14;11369;3.68;48.96;10
2025-10-30;29731520;1022;65;2145;4;2920;6.36;33;6.15
2025-11-01;29731520;2782;195;6392.6;26;18339;7.01;32.78;13.33
2025-11-03;29731520;1363;111;3296.26;12;8539;8.14;29.7;10.81
2025-11-10;29731520;3806;310;6394.12;47;32429;8.15;20.63;15.16
2025-11-12;29731520;4617;344;7152.78;49;31069;7.45;20.79;14.24
2025-11-14;29731520;1792;127;3045.27;17;10889;7.09;23.98;13.39
2025-11-08;29731520;2198;130;3627.45;19;13300;5.91;27.9;14.62
2025-11-17;29731520;2479;244;4143.22;40;25200;9.84;16.98;16.39
2025-11-07;29731520;1858;107;3067.39;13;9100;5.76;28.67;12.15
2025-10-26;29731520;1758;65;3164.4;6;6000;3.7;48.68;9.23
2025-11-18;29731520;927;108;1539.95;19;11969;11.65;14.26;17.59
2025-11-13;29731520;3006;237;5105.66;33;20990;7.88;21.54;13.92
2025-11-14;29731520;1792;127;3045.27;17;10889;7.09;23.98;13.39
2025-11-05;29731520;1044;42;2523.96;7;4900;4.02;60.09;16.67
2025-11-12;29731520;4617;344;7152.78;49;31069;7.45;20.79;14.24
2025-11-15;29731520;1293;106;2186.5;20;12780;8.2;20.63;18.87
2025-11-16;29731520;3717;236;6132.75;37;23309;6.35;25.99;15.68
2025-11-17;29731520;2479;244;4143.22;40;25200;9.84;16.98;16.39
2025-11-06;29731520;784;24;1295.91;4;2940;3.06;54;16.67
2025-11-07;29731520;1858;107;3067.39;13;9100;5.76;28.67;12.15
2025-11-08;29731520;2198;130;3627.45;19;13300;5.91;27.9;14.62
2025-11-09;29731520;3143;262;5261.34;34;23600;8.34;20.08;12.98
2025-11-10;29731520;3806;310;6394.12;47;32429;8.15;20.63;15.16
2025-11-11;29731520;4042;363;6792.01;72;45421;8.98;18.71;19.83
2025-11-18;29731520;927;108;1539.95;19;11969;11.65;14.26;17.59
2025-11-16;30467700;8334;299;4162.44;11;13860;3.59;13.92;3.68
2025-11-17;30467700;6843;254;3417.97;10;12090;3.71;13.46;3.94
2025-11-18;30467700;3899;185;1179.36;4;5039;4.74;6.37;2.16
2025-11-18;30535614;738;21;264.35;1;1260;2.85;12.59;4.76
2025-11-16;30467498;6206;264;2027.81;34;21780;4.25;7.68;12.88
2025-11-17;30467498;138;1;43.54;1;630;0.72;43.54;100
2025-11-18;30467498;2610;143;833.74;9;5670;5.48;5.83;6.29
2025-11-05;29709658;7;1;14.25;0;0;14.29;14.25;0
2025-11-08;29709658;870;92;2304.2;10;8120;10.57;25.05;10.87
2025-11-10;29709658;2;0;4.65;0;0;0;0;0
2025-11-11;29709658;4021;261;7439;25;20351;6.49;28.5;9.58
2025-11-12;29709658;3799;155;6223.4;16;13080;4.08;40.15;10.32
2025-11-13;29709658;34;1;50.95;1;830;2.94;50.95;100
2025-11-14;29709658;1472;71;2017.27;7;5670;4.82;28.41;9.86
2025-11-16;29709658;1959;88;3049.54;8;6480;4.49;34.65;9.09
2025-11-06;29709658;0;1;0;0;0;0;0;0
2025-11-09;29709658;1362;107;3595.65;13;10370;7.86;33.6;12.15
2025-11-15;29709658;788;42;1052.09;3;2430;5.33;25.05;7.14
2025-11-17;29709658;5;2;6.95;0;0;40;3.47;0
2025-11-18;29709658;3;1;1.92;0;0;33.33;1.92;0
2025-11-07;29709658;0;0;0;2;1680;0;0;0
2025-11-05;29731520;1044;42;2523.96;7;4900;4.02;60.09;16.67
2025-11-08;29731520;2198;130;3627.45;19;13300;5.91;27.9;14.62
2025-11-10;29731520;3806;310;6394.12;47;32429;8.15;20.63;15.16
2025-11-13;29731520;3006;237;5105.66;33;20990;7.88;21.54;13.92
2025-11-15;29731520;1293;106;2186.5;20;12780;8.2;20.63;18.87
2025-11-06;29731520;784;24;1295.91;4;2940;3.06;54;16.67
2025-11-07;29731520;1858;107;3067.39;13;9100;5.76;28.67;12.15
2025-11-09;29731520;3143;262;5261.34;34;23600;8.34;20.08;12.98
2025-11-11;29731520;4042;363;6792.01;72;45421;8.98;18.71;19.83
2025-11-12;29731520;4617;344;7152.78;49;31069;7.45;20.79;14.24
2025-11-14;29731520;1792;127;3045.27;17;10889;7.09;23.98;13.39
2025-11-16;29731520;3717;236;6132.75;37;23309;6.35;25.99;15.68
2025-11-17;29731520;2479;244;4143.22;40;25200;9.84;16.98;16.39
2025-11-18;29731520;2380;189;3903.26;35;22048;7.94;20.65;18.52
2025-11-16;30467700;8334;299;4162.44;11;13860;3.59;13.92;3.68
2025-11-17;30467700;6843;254;3417.97;10;12090;3.71;13.46;3.94
2025-11-18;30467700;7120;308;2144.98;7;8818;4.33;6.96;2.27
2025-11-18;30535614;1809;34;647.66;1;1260;1.88;19.05;2.94
2025-11-16;30467498;6206;264;2027.81;34;21780;4.25;7.68;12.88
2025-11-17;30467498;138;1;43.54;1;630;0.72;43.54;100
2025-11-18;30467498;6123;306;1930.59;24;15119;5;6.31;7.84
2025-11-16;29709658;1959;88;3049.54;8;6480;4.49;34.65;9.09
2025-11-05;29709658;7;1;14.25;0;0;14.29;14.25;0
2025-11-08;29709658;870;92;2304.2;10;8120;10.57;25.05;10.87
2025-11-09;29709658;1362;107;3595.65;13;10370;7.86;33.6;12.15
2025-11-13;29709658;34;1;50.95;1;830;2.94;50.95;100
2025-11-15;29709658;788;42;1052.09;3;2430;5.33;25.05;7.14
2025-11-17;29709658;5;2;6.95;0;0;40;3.47;0
2025-11-06;29709658;0;1;0;0;0;0;0;0
2025-11-10;29709658;2;0;4.65;0;0;0;0;0
2025-11-11;29709658;4021;261;7439;25;20351;6.49;28.5;9.58
2025-11-12;29709658;3799;155;6223.4;16;13080;4.08;40.15;10.32
2025-11-14;29709658;1472;71;2017.27;7;5670;4.82;28.41;9.86
2025-11-18;29709658;4;1;3.77;0;0;25;3.77;0
2025-11-07;29709658;0;0;0;2;1680;0;0;0
2025-11-06;29731520;784;24;1295.91;4;2940;3.06;54;16.67
2025-11-07;29731520;1858;107;3067.39;13;9100;5.76;28.67;12.15
2025-11-08;29731520;2198;130;3627.45;19;13300;5.91;27.9;14.62
2025-11-09;29731520;3143;262;5261.34;34;23600;8.34;20.08;12.98
2025-11-10;29731520;3806;310;6394.12;47;32429;8.15;20.63;15.16
2025-11-12;29731520;4617;344;7152.78;49;31069;7.45;20.79;14.24
2025-11-13;29731520;3006;237;5105.66;33;20990;7.88;21.54;13.92
2025-11-14;29731520;1792;127;3045.27;17;10889;7.09;23.98;13.39
2025-11-11;29731520;4042;363;6792.01;72;45421;8.98;18.71;19.83
2025-11-15;29731520;1293;106;2186.5;20;12780;8.2;20.63;18.87
2025-11-16;29731520;3717;236;6132.75;37;23309;6.35;25.99;15.68
2025-11-17;29731520;2479;244;4143.22;40;25200;9.84;16.98;16.39
2025-11-18;29731520;2805;218;4584.68;38;23938;7.77;21.03;17.43
2025-11-19;29731520;2;0;2.35;0;0;0;0;0
2025-11-17;30467700;6843;254;3417.97;10;12090;3.71;13.46;3.94
2025-11-16;30467700;8334;299;4162.44;11;13860;3.59;13.92;3.68
2025-11-19;30467700;856;31;334.5;1;1260;3.62;10.79;3.23
2025-11-18;30467700;12860;525;4382.14;16;19648;4.08;8.35;3.05
2025-11-19;30535614;27;2;9.67;1;751;7.41;4.83;50
2025-11-18;30535614;2861;49;1022.13;2;2010;1.71;20.86;4.08
2025-11-16;30467498;6206;264;2027.81;34;21780;4.25;7.68;12.88
2025-11-17;30467498;138;1;43.54;1;630;0.72;43.54;100
2025-11-19;30467498;883;40;277.48;3;1890;4.53;6.94;7.5
2025-11-18;30467498;9366;455;2933.07;35;22048;4.86;6.45;7.69
2025-11-08;29709658;870;92;2304.2;10;8120;10.57;25.05;10.87
2025-11-10;29709658;2;0;4.65;0;0;0;0;0
2025-11-11;29709658;4021;261;7439;25;20351;6.49;28.5;9.58
2025-11-14;29709658;1472;71;2017.27;7;5670;4.82;28.41;9.86
2025-11-15;29709658;788;42;1052.09;3;2430;5.33;25.05;7.14
2025-11-16;29709658;1959;88;3049.54;8;6480;4.49;34.65;9.09
2025-11-06;29709658;0;1;0;0;0;0;0;0
2025-11-09;29709658;1362;107;3595.65;13;10370;7.86;33.6;12.15
2025-11-12;29709658;3799;155;6223.4;16;13080;4.08;40.15;10.32
2025-11-13;29709658;34;1;50.95;1;830;2.94;50.95;100
2025-11-17;29709658;5;2;6.95;0;0;40;3.47;0
2025-11-18;29709658;5;1;4.97;0;0;20;4.97;0
2025-11-07;29709658;0;0;0;2;1680;0;0;0
2025-11-09;29731520;3143;262;5261.34;34;23600;8.34;20.08;12.98
2025-11-18;29731520;2805;218;4584.68;40;25198;7.77;21.03;18.35
2025-11-10;29731520;3806;310;6394.12;47;32429;8.15;20.63;15.16
2025-11-11;29731520;4042;363;6792.01;72;45421;8.98;18.71;19.83
2025-11-12;29731520;4617;344;7152.78;49;31069;7.45;20.79;14.24
2025-11-13;29731520;3006;237;5105.66;33;20990;7.88;21.54;13.92
2025-11-14;29731520;1792;127;3045.27;17;10889;7.09;23.98;13.39
2025-11-15;29731520;1293;106;2186.5;20;12780;8.2;20.63;18.87
2025-11-16;29731520;3717;236;6132.75;37;23309;6.35;25.99;15.68
2025-11-17;29731520;2479;244;4143.22;41;25829;9.84;16.98;16.8
2025-11-07;29731520;1858;107;3067.39;13;9100;5.76;28.67;12.15
2025-11-08;29731520;2198;130;3627.45;19;13300;5.91;27.9;14.62
2025-11-19;29731520;4619;340;8126.3;54;34112;7.36;23.9;15.88
2025-11-20;29731520;4;1;6.23;0;0;25;6.23;0
2025-11-17;30467700;6843;254;3417.97;11;13350;3.71;13.46;4.33
2025-11-18;30467700;12860;525;4382.14;18;22168;4.08;8.35;3.43
2025-11-16;30467700;8334;299;4162.44;11;13860;3.59;13.92;3.68
2025-11-19;30467700;13515;502;5223.34;16;20162;3.71;10.41;3.19
2025-11-20;30467700;1277;37;464.5;2;2010;2.9;12.55;5.41
2025-11-18;30535614;2861;49;1022.13;3;2760;1.71;20.86;6.12
2025-11-20;30535614;394;9;125.71;0;0;2.28;13.97;0
2025-11-19;30535614;2044;48;668.83;3;2762;2.35;13.93;6.25
2025-11-16;30467498;6206;264;2027.81;34;21780;4.25;7.68;12.88
2025-11-17;30467498;138;1;43.54;1;630;0.72;43.54;100
2025-11-18;30467498;9366;455;2933.07;36;22678;4.86;6.45;7.91
2025-11-20;30467498;821;29;254.54;3;1889;3.53;8.78;10.34
2025-11-19;30467498;8222;362;2851.85;29;18271;4.4;7.88;8.01
2025-11-13;29709658;34;1;50.95;1;830;2.94;50.95;100
2025-11-15;29709658;788;42;1052.09;3;2430;5.33;25.05;7.14
2025-11-16;29709658;1959;88;3049.54;8;6480;4.49;34.65;9.09
2025-11-17;29709658;5;2;6.95;0;0;40;3.47;0
2025-11-18;29709658;5;1;4.97;0;0;20;4.97;0
2025-11-08;29709658;870;92;2304.2;10;8120;10.57;25.05;10.87
2025-11-09;29709658;1362;107;3595.65;13;10370;7.86;33.6;12.15
2025-11-11;29709658;4021;261;7439;25;20351;6.49;28.5;9.58
2025-11-14;29709658;1472;71;2017.27;7;5670;4.82;28.41;9.86
2025-11-10;29709658;2;0;4.65;0;0;0;0;0
2025-11-12;29709658;3799;155;6223.4;16;13080;4.08;40.15;10.32
2025-11-19;29709658;664;17;1044.89;2;1560;2.56;61.46;11.76
2025-11-07;29709658;0;0;0;2;1680;0;0;0
2025-11-17;29731520;2479;244;4143.22;41;25829;9.84;16.98;16.8
2025-11-08;29731520;2198;130;3627.45;19;13300;5.91;27.9;14.62
2025-11-09;29731520;3143;262;5261.34;34;23600;8.34;20.08;12.98
2025-11-10;29731520;3806;310;6394.12;47;32429;8.15;20.63;15.16
2025-11-11;29731520;4042;363;6792.01;72;45421;8.98;18.71;19.83
2025-11-18;29731520;2805;218;4584.68;40;25198;7.77;21.03;18.35
2025-11-19;29731520;4619;340;8126.3;54;34112;7.36;23.9;15.88
2025-11-20;29731520;1638;111;3105.59;19;11969;6.78;27.98;17.12
2025-11-12;29731520;4617;344;7152.78;49;31069;7.45;20.79;14.24
2025-11-13;29731520;3006;237;5105.66;33;20990;7.88;21.54;13.92
2025-11-14;29731520;1792;127;3045.27;17;10889;7.09;23.98;13.39
2025-11-15;29731520;1293;106;2186.5;20;12780;8.2;20.63;18.87
2025-11-16;29731520;3717;236;6132.75;37;23309;6.35;25.99;15.68
2025-11-21;29731520;5;0;8.85;0;0;0;0;0
2025-11-18;30467700;12860;525;4382.14;18;22168;4.08;8.35;3.43
2025-11-19;30467700;13515;502;5223.34;16;20162;3.71;10.41;3.19
2025-11-20;30467700;10746;317;3982.16;10;12090;2.95;12.56;3.15
2025-11-16;30467700;8334;299;4162.44;11;13860;3.59;13.92;3.68
2025-11-17;30467700;6843;254;3417.97;11;13350;3.71;13.46;4.33
2025-11-21;30467700;1315;42;480.9;1;1260;3.19;11.45;2.38
2025-11-18;30535614;2861;49;1022.13;3;2760;1.71;20.86;6.12
2025-11-19;30535614;2044;48;668.83;3;2762;2.35;13.93;6.25
2025-11-20;30535614;3415;63;1097.58;1;750;1.84;17.42;1.59
2025-11-21;30535614;262;6;82.84;1;750;2.29;13.81;16.67
2025-11-19;30467498;8222;362;2851.85;32;20161;4.4;7.88;8.84
2025-11-20;30467498;7714;358;2452.64;41;26006;4.64;6.85;11.45
2025-11-16;30467498;6206;264;2027.81;34;21780;4.25;7.68;12.88
2025-11-17;30467498;138;1;43.54;1;630;0.72;43.54;100
2025-11-18;30467498;9366;455;2933.07;37;23308;4.86;6.45;8.13
2025-11-21;30467498;471;14;146.5;0;0;2.97;10.46;0
2025-11-18;29709658;5;1;4.97;0;0;20;4.97;0
2025-11-08;29709658;870;92;2304.2;10;8120;10.57;25.05;10.87
2025-11-13;29709658;34;1;50.95;1;830;2.94;50.95;100
2025-11-17;29709658;5;2;6.95;0;0;40;3.47;0
2025-11-19;29709658;664;17;1044.89;2;1560;2.56;61.46;11.76
2025-11-20;29709658;1880;83;2971.07;9;6300;4.41;35.8;10.84
2025-11-09;29709658;1362;107;3595.65;13;10370;7.86;33.6;12.15
2025-11-10;29709658;2;0;4.65;0;0;0;0;0
2025-11-11;29709658;4021;261;7439;25;20351;6.49;28.5;9.58
2025-11-12;29709658;3799;155;6223.4;16;13080;4.08;40.15;10.32
2025-11-14;29709658;1472;71;2017.27;7;5670;4.82;28.41;9.86
2025-11-15;29709658;788;42;1052.09;3;2430;5.33;25.05;7.14
2025-11-16;29709658;1959;88;3049.54;8;6480;4.49;34.65;9.09
2025-11-21;29709658;40;1;62.65;0;0;2.5;62.65;0
2025-11-20;29731520;1638;111;3105.59;19;11969;6.78;27.98;17.12
2025-11-21;29731520;1699;122;3076.85;15;9538;7.18;25.22;12.3
2025-11-09;29731520;3143;262;5261.34;34;23600;8.34;20.08;12.98
2025-11-10;29731520;3806;310;6394.12;47;32429;8.15;20.63;15.16
2025-11-12;29731520;4617;344;7152.78;49;31069;7.45;20.79;14.24
2025-11-14;29731520;1792;127;3045.27;17;10889;7.09;23.98;13.39
2025-11-16;29731520;3717;236;6132.75;37;23309;6.35;25.99;15.68
2025-11-19;29731520;4619;340;8126.3;55;34742;7.36;23.9;16.18
2025-11-11;29731520;4042;363;6792.01;72;45421;8.98;18.71;19.83
2025-11-13;29731520;3006;237;5105.66;33;20990;7.88;21.54;13.92
2025-11-15;29731520;1293;106;2186.5;20;12780;8.2;20.63;18.87
2025-11-17;29731520;2479;244;4143.22;41;25829;9.84;16.98;16.8
2025-11-18;29731520;2805;218;4584.68;40;25198;7.77;21.03;18.35
2025-11-22;29731520;86;0;154.9;1;630;0;0;0
2025-11-19;30467700;13515;502;5223.34;16;20162;3.71;10.41;3.19
2025-11-20;30467700;10746;317;3982.16;11;13350;2.95;12.56;3.47
2025-11-21;30467700;9430;285;3454.63;12;15119;3.02;12.12;4.21
2025-11-16;30467700;8334;299;4162.44;11;13860;3.59;13.92;3.68
2025-11-17;30467700;6843;254;3417.97;11;13350;3.71;13.46;4.33
2025-11-18;30467700;12860;525;4382.14;18;22168;4.08;8.35;3.43
2025-11-22;30467700;183;10;68.61;1;1260;5.46;6.86;10
2025-11-21;30535614;1006;21;334.35;3;2759;2.09;15.92;14.29
2025-11-18;30535614;2861;49;1022.13;3;2760;1.71;20.86;6.12
2025-11-19;30535614;2044;48;668.83;3;2762;2.35;13.93;6.25
2025-11-20;30535614;3415;63;1097.58;1;750;1.84;17.42;1.59
2025-11-22;30535614;37;1;12.48;0;0;2.7;12.48;0
2025-11-19;30467498;8222;362;2851.85;32;20161;4.4;7.88;8.84
2025-11-20;30467498;7714;358;2452.64;41;26006;4.64;6.85;11.45
2025-11-21;30467498;9690;410;3012.37;39;24651;4.23;7.35;9.51
2025-11-16;30467498;6206;264;2027.81;34;21780;4.25;7.68;12.88
2025-11-17;30467498;138;1;43.54;1;630;0.72;43.54;100
2025-11-18;30467498;9366;455;2933.07;37;23308;4.86;6.45;8.13
2025-11-22;30467498;121;7;36.41;0;0;5.79;5.2;0
2025-11-17;29709658;5;2;6.95;0;0;40;3.47;0
2025-11-18;29709658;5;1;4.97;0;0;20;4.97;0
2025-11-20;29709658;1880;83;2971.07;9;6300;4.41;35.8;10.84
2025-11-10;29709658;2;0;4.65;0;0;0;0;0
2025-11-12;29709658;3799;155;6223.4;16;13080;4.08;40.15;10.32
2025-11-13;29709658;34;1;50.95;1;830;2.94;50.95;100
2025-11-16;29709658;1959;88;3049.54;8;6480;4.49;34.65;9.09
2025-11-19;29709658;664;17;1044.89;2;1560;2.56;61.46;11.76
2025-11-21;29709658;1811;79;1174.6;7;5040;4.36;14.87;8.86
2025-11-09;29709658;1362;107;3595.65;13;10370;7.86;33.6;12.15
2025-11-11;29709658;4021;261;7439;25;20351;6.49;28.5;9.58
2025-11-14;29709658;1472;71;2017.27;7;5670;4.82;28.41;9.86
2025-11-15;29709658;788;42;1052.09;3;2430;5.33;25.05;7.14
2025-11-22;29709658;362;14;226.5;0;0;3.87;16.18;0
2025-11-15;29731520;1293;106;2186.5;20;12780;8.2;20.63;18.87
2025-11-20;29731520;1638;111;3105.59;19;11969;6.78;27.98;17.12
2025-11-10;29731520;3806;310;6394.12;47;32429;8.15;20.63;15.16
2025-11-13;29731520;3006;237;5105.66;33;20990;7.88;21.54;13.92
2025-11-16;29731520;3717;236;6132.75;37;23309;6.35;25.99;15.68
2025-11-17;29731520;2479;244;4143.22;41;25829;9.84;16.98;16.8
2025-11-18;29731520;2805;218;4584.68;40;25198;7.77;21.03;18.35
2025-11-19;29731520;4619;340;8126.3;55;34742;7.36;23.9;16.18
2025-11-21;29731520;1699;122;3076.85;15;9538;7.18;25.22;12.3
2025-11-22;29731520;1681;101;3198.59;11;6930;6.01;31.67;10.89
2025-11-11;29731520;4042;363;6792.01;72;45421;8.98;18.71;19.83
2025-11-12;29731520;4617;344;7152.78;49;31069;7.45;20.79;14.24
2025-11-14;29731520;1792;127;3045.27;17;10889;7.09;23.98;13.39
2025-11-23;29731520;1;0;1.95;0;0;0;0;0
2025-11-16;30467700;8334;299;4162.44;11;13860;3.59;13.92;3.68
2025-11-17;30467700;6843;254;3417.97;11;13350;3.71;13.46;4.33
2025-11-18;30467700;12860;525;4382.14;18;22168;4.08;8.35;3.43
2025-11-19;30467700;13515;502;5223.34;16;20162;3.71;10.41;3.19
2025-11-20;30467700;10746;317;3982.16;12;14610;2.95;12.56;3.79
2025-11-21;30467700;9430;285;3454.63;13;16379;3.02;12.12;4.56
2025-11-22;30467700;9241;311;3378.53;11;13859;3.37;10.86;3.54
2025-11-23;30467700;78;1;29.27;1;1260;1.28;29.27;100
2025-11-20;30535614;3415;63;1097.58;1;750;1.84;17.42;1.59
2025-11-21;30535614;1006;21;334.35;3;2759;2.09;15.92;14.29
2025-11-22;30535614;2426;60;771.45;4;3000;2.47;12.86;6.67
2025-11-18;30535614;2861;49;1022.13;3;2760;1.71;20.86;6.12
2025-11-19;30535614;2044;48;668.83;3;2762;2.35;13.93;6.25
2025-11-23;30535614;390;6;123.87;0;0;1.54;20.65;0
2025-11-16;30467498;6206;264;2027.81;34;21780;4.25;7.68;12.88
2025-11-17;30467498;138;1;43.54;1;630;0.72;43.54;100
2025-11-18;30467498;9366;455;2933.07;37;23308;4.86;6.45;8.13
2025-11-19;30467498;8222;362;2851.85;32;20161;4.4;7.88;8.84
2025-11-20;30467498;7714;358;2452.64;41;26006;4.64;6.85;11.45
2025-11-21;30467498;9690;410;3012.37;40;25281;4.23;7.35;9.76
2025-11-22;30467498;9607;433;3058.02;40;25378;4.51;7.06;9.24
2025-11-23;30467498;73;1;23.1;1;630;1.37;23.1;100
2025-11-18;29709658;5;1;4.97;0;0;20;4.97;0
2025-11-19;29709658;664;17;1044.89;2;1560;2.56;61.46;11.76
2025-11-10;29709658;2;0;4.65;0;0;0;0;0
2025-11-14;29709658;1472;71;2017.27;7;5670;4.82;28.41;9.86
2025-11-15;29709658;788;42;1052.09;3;2430;5.33;25.05;7.14
2025-11-16;29709658;1959;88;3049.54;8;6480;4.49;34.65;9.09
2025-11-20;29709658;1880;83;2971.07;10;7019;4.41;35.8;12.05
2025-11-21;29709658;1811;79;1174.6;7;5040;4.36;14.87;8.86
2025-11-22;29709658;3176;133;1912.22;11;7920;4.19;14.38;8.27
2025-11-11;29709658;4021;261;7439;25;20351;6.49;28.5;9.58
2025-11-12;29709658;3799;155;6223.4;16;13080;4.08;40.15;10.32
2025-11-13;29709658;34;1;50.95;1;830;2.94;50.95;100
2025-11-17;29709658;5;2;6.95;0;0;40;3.47;0
2025-11-23;29709658;26;2;15.7;0;0;7.69;7.85;0
2025-11-11;29731520;4042;363;6792.01;72;45421;8.98;18.71;19.83
2025-11-13;29731520;3006;237;5105.66;33;20990;7.88;21.54;13.92
2025-11-16;29731520;3717;236;6132.75;37;23309;6.35;25.99;15.68
2025-11-17;29731520;2479;244;4143.22;41;25829;9.84;16.98;16.8
2025-11-19;29731520;4619;340;8126.3;55;34742;7.36;23.9;16.18
2025-11-21;29731520;1699;122;3076.85;15;9538;7.18;25.22;12.3
2025-11-23;29731520;1891;160;3133.99;22;13859;8.46;19.59;13.75
2025-11-12;29731520;4617;344;7152.78;49;31069;7.45;20.79;14.24
2025-11-14;29731520;1792;127;3045.27;17;10889;7.09;23.98;13.39
2025-11-15;29731520;1293;106;2186.5;20;12780;8.2;20.63;18.87
2025-11-18;29731520;2805;218;4584.68;40;25198;7.77;21.03;18.35
2025-11-20;29731520;1638;111;3105.59;19;11969;6.78;27.98;17.12
2025-11-22;29731520;1681;101;3198.59;11;6930;6.01;31.67;10.89
2025-11-24;29731520;3;0;5.05;0;0;0;0;0
2025-11-20;30467700;10746;317;3982.16;12;14610;2.95;12.56;3.79
2025-11-21;30467700;9430;285;3454.63;14;17628;3.02;12.12;4.91
2025-11-22;30467700;9241;311;3378.53;11;13859;3.37;10.86;3.54
2025-11-23;30467700;5246;166;1807.77;5;6299;3.16;10.89;3.01
2025-11-16;30467700;8334;299;4162.44;11;13860;3.59;13.92;3.68
2025-11-17;30467700;6843;254;3417.97;11;13350;3.71;13.46;4.33
2025-11-18;30467700;12860;525;4382.14;18;22168;4.08;8.35;3.43
2025-11-19;30467700;13515;502;5223.34;16;20162;3.71;10.41;3.19
2025-11-24;30467700;1230;42;420.53;3;3726;3.41;10.01;7.14
2025-11-18;30535614;2861;49;1022.13;3;2760;1.71;20.86;6.12
2025-11-19;30535614;2044;48;668.83;3;2762;2.35;13.93;6.25
2025-11-20;30535614;3415;63;1097.58;1;750;1.84;17.42;1.59
2025-11-21;30535614;1006;21;334.35;3;2759;2.09;15.92;14.29
2025-11-22;30535614;2426;60;771.45;4;3000;2.47;12.86;6.67
2025-11-23;30535614;2354;56;754.04;2;2010;2.38;13.46;3.57
2025-11-24;30535614;11;0;3.53;0;0;0;0;0
2025-11-23;30467498;5234;264;1656.58;25;15839;5.04;6.27;9.47
2025-11-16;30467498;6206;264;2027.81;34;21780;4.25;7.68;12.88
2025-11-17;30467498;138;1;43.54;1;630;0.72;43.54;100
2025-11-18;30467498;9366;455;2933.07;37;23308;4.86;6.45;8.13
2025-11-19;30467498;8222;362;2851.85;32;20161;4.4;7.88;8.84
2025-11-20;30467498;7714;358;2452.64;41;26006;4.64;6.85;11.45
2025-11-21;30467498;9690;410;3012.37;40;25281;4.23;7.35;9.76
2025-11-22;30467498;9607;433;3058.02;42;26638;4.51;7.06;9.7
2025-11-24;30467498;50;2;15.78;1;621;4;7.89;50
2025-11-14;29709658;1472;71;2017.27;7;5670;4.82;28.41;9.86
2025-11-16;29709658;1959;88;3049.54;8;6480;4.49;34.65;9.09
2025-11-19;29709658;664;17;1044.89;2;1560;2.56;61.46;11.76
2025-11-20;29709658;1880;83;2971.07;10;7019;4.41;35.8;12.05
2025-11-22;29709658;3176;133;1912.22;11;7920;4.19;14.38;8.27
2025-11-11;29709658;4021;261;7439;25;20351;6.49;28.5;9.58
2025-11-13;29709658;34;1;50.95;1;830;2.94;50.95;100
2025-11-15;29709658;788;42;1052.09;3;2430;5.33;25.05;7.14
2025-11-17;29709658;5;2;6.95;0;0;40;3.47;0
2025-11-18;29709658;5;1;4.97;0;0;20;4.97;0
2025-11-21;29709658;1811;79;1174.6;7;5040;4.36;14.87;8.86
2025-11-23;29709658;2455;91;1525.39;5;3510;3.71;16.76;5.49
2025-11-12;29709658;3799;155;6223.4;16;13080;4.08;40.15;10.32
2025-11-24;29709658;4;0;2.28;0;0;0;0;0
2025-11-12;29731520;4617;344;7152.78;49;31069;7.45;20.79;14.24
2025-11-13;29731520;3006;237;5105.66;33;20990;7.88;21.54;13.92
2025-11-15;29731520;1293;106;2186.5;20;12780;8.2;20.63;18.87
2025-11-20;29731520;1638;111;3105.59;19;11969;6.78;27.98;17.12
2025-11-21;29731520;1699;122;3076.85;15;9538;7.18;25.22;12.3
2025-11-22;29731520;1681;101;3198.59;11;6930;6.01;31.67;10.89
2025-11-23;29731520;1891;160;3133.99;22;13859;8.46;19.59;13.75
2025-11-14;29731520;1792;127;3045.27;17;10889;7.09;23.98;13.39
2025-11-16;29731520;3717;236;6132.75;37;23309;6.35;25.99;15.68
2025-11-17;29731520;2479;244;4143.22;41;25829;9.84;16.98;16.8
2025-11-18;29731520;2805;218;4584.68;40;25198;7.77;21.03;18.35
2025-11-19;29731520;4619;340;8126.3;55;34742;7.36;23.9;16.18
2025-11-24;29731520;3973;282;6639.92;36;22318;7.1;23.55;12.77
2025-11-25;29731520;1;0;0.4;0;0;0;0;0
2025-11-19;30467700;13515;502;5223.34;16;20162;3.71;10.41;3.19
2025-11-22;30467700;9241;311;3378.53;11;13859;3.37;10.86;3.54
2025-11-24;30467700;13834;453;4734.74;15;18119;3.27;10.45;3.31
2025-11-20;30467700;10746;317;3982.16;12;14610;2.95;12.56;3.79
2025-11-21;30467700;9430;285;3454.63;14;17628;3.02;12.12;4.91
2025-11-23;30467700;5246;166;1807.77;5;6299;3.16;10.89;3.01
2025-11-16;30467700;8334;299;4162.44;11;13860;3.59;13.92;3.68
2025-11-17;30467700;6843;254;3417.97;11;13350;3.71;13.46;4.33
2025-11-18;30467700;12860;525;4382.14;18;22168;4.08;8.35;3.43
2025-11-25;30467700;130;1;45.15;0;0;0.77;45.15;0
2025-11-24;30535614;48;2;15.39;0;0;4.17;7.7;0
2025-11-18;30535614;2861;49;1022.13;3;2760;1.71;20.86;6.12
2025-11-19;30535614;2044;48;668.83;3;2762;2.35;13.93;6.25
2025-11-20;30535614;3415;63;1097.58;1;750;1.84;17.42;1.59
2025-11-21;30535614;1006;21;334.35;3;2759;2.09;15.92;14.29
2025-11-22;30535614;2426;60;771.45;4;3000;2.47;12.86;6.67
2025-11-23;30535614;2354;56;754.04;2;2010;2.38;13.46;3.57
2025-11-25;30535614;1;0;0.32;0;0;0;0;0
2025-11-18;30467498;9366;455;2933.07;37;23308;4.86;6.45;8.13
2025-11-20;30467498;7714;358;2452.64;41;26006;4.64;6.85;11.45
2025-11-21;30467498;9690;410;3012.37;40;25281;4.23;7.35;9.76
2025-11-23;30467498;5234;264;1656.58;25;15839;5.04;6.27;9.47
2025-11-24;30467498;5136;204;1617.27;17;10641;3.97;7.93;8.33
2025-11-16;30467498;6206;264;2027.81;34;21780;4.25;7.68;12.88
2025-11-17;30467498;138;1;43.54;1;630;0.72;43.54;100
2025-11-19;30467498;8222;362;2851.85;32;20161;4.4;7.88;8.84
2025-11-22;30467498;9607;433;3058.02;44;27898;4.51;7.06;10.16
2025-11-25;30467498;58;0;18.46;1;620;0;0;0
2025-11-19;29709658;664;17;1044.89;2;1560;2.56;61.46;11.76
2025-11-20;29709658;1880;83;2971.07;10;7019;4.41;35.8;12.05
2025-11-21;29709658;1811;79;1174.6;7;5040;4.36;14.87;8.86
2025-11-23;29709658;2455;91;1525.39;5;3510;3.71;16.76;5.49
2025-11-24;29709658;371;11;220.44;4;2880;2.96;20.04;36.36
2025-11-13;29709658;34;1;50.95;1;830;2.94;50.95;100
2025-11-14;29709658;1472;71;2017.27;7;5670;4.82;28.41;9.86
2025-11-15;29709658;788;42;1052.09;3;2430;5.33;25.05;7.14
2025-11-16;29709658;1959;88;3049.54;8;6480;4.49;34.65;9.09
2025-11-17;29709658;5;2;6.95;0;0;40;3.47;0
2025-11-18;29709658;5;1;4.97;0;0;20;4.97;0
2025-11-22;29709658;3176;133;1912.22;11;7920;4.19;14.38;8.27
2025-11-12;29709658;3799;155;6223.4;16;13080;4.08;40.15;10.32
2025-11-25;29709658;0;0;0;1;720;0;0;0
2025-11-23;29731520;1891;160;3133.99;22;13859;8.46;19.59;13.75
2025-11-24;29731520;3973;282;6639.92;36;22318;7.1;23.55;12.77
2025-11-25;29731520;3200;173;5316.38;30;19378;5.41;30.73;17.34
2025-11-16;29731520;3717;236;6132.75;37;23309;6.35;25.99;15.68
2025-11-18;29731520;2805;218;4584.68;40;25198;7.77;21.03;18.35
2025-11-19;29731520;4619;340;8126.3;55;34742;7.36;23.9;16.18
2025-11-20;29731520;1638;111;3105.59;19;11969;6.78;27.98;17.12
2025-11-22;29731520;1681;101;3198.59;11;6930;6.01;31.67;10.89
2025-11-13;29731520;3006;237;5105.66;33;20990;7.88;21.54;13.92
2025-11-14;29731520;1792;127;3045.27;17;10889;7.09;23.98;13.39
2025-11-15;29731520;1293;106;2186.5;20;12780;8.2;20.63;18.87
2025-11-17;29731520;2479;244;4143.22;41;25829;9.84;16.98;16.8
2025-11-21;29731520;1699;122;3076.85;15;9538;7.18;25.22;12.3
2025-11-26;29731520;14;2;25.55;0;0;14.29;12.78;0
2025-11-25;30467700;5800;177;1994.07;9;10671;3.05;11.27;5.08
2025-11-18;30467700;12860;525;4382.14;18;22168;4.08;8.35;3.43
2025-11-19;30467700;13515;502;5223.34;16;20162;3.71;10.41;3.19
2025-11-21;30467700;9430;285;3454.63;14;17628;3.02;12.12;4.91
2025-11-22;30467700;9241;311;3378.53;11;13859;3.37;10.86;3.54
2025-11-23;30467700;5246;166;1807.77;5;6299;3.16;10.89;3.01
2025-11-24;30467700;13834;453;4734.74;16;19361;3.27;10.45;3.53
2025-11-16;30467700;8334;299;4162.44;11;13860;3.59;13.92;3.68
2025-11-17;30467700;6843;254;3417.97;11;13350;3.71;13.46;4.33
2025-11-20;30467700;10746;317;3982.16;12;14610;2.95;12.56;3.79
2025-11-26;30467700;3052;86;1040.53;2;2484;2.82;12.1;2.33
2025-11-20;30535614;3415;63;1097.58;1;750;1.84;17.42;1.59
2025-11-21;30535614;1006;21;334.35;3;2759;2.09;15.92;14.29
2025-11-22;30535614;2426;60;771.45;4;3000;2.47;12.86;6.67
2025-11-23;30535614;2354;56;754.04;2;2010;2.38;13.46;3.57
2025-11-24;30535614;48;2;15.39;0;0;4.17;7.7;0
2025-11-25;30535614;89;1;31.74;0;0;1.12;31.74;0
2025-11-18;30535614;2861;49;1022.13;3;2760;1.71;20.86;6.12
2025-11-19;30535614;2044;48;668.83;3;2762;2.35;13.93;6.25
2025-11-19;30467498;8222;362;2851.85;32;20161;4.4;7.88;8.84
2025-11-20;30467498;7714;358;2452.64;41;26006;4.64;6.85;11.45
2025-11-21;30467498;9690;410;3012.37;40;25281;4.23;7.35;9.76
2025-11-22;30467498;9607;433;3058.02;44;27898;4.51;7.06;10.16
2025-11-16;30467498;6206;264;2027.81;34;21780;4.25;7.68;12.88
2025-11-23;30467498;5234;264;1656.58;26;16468;5.04;6.27;9.85
2025-11-24;30467498;5136;204;1617.27;19;11881;3.97;7.93;9.31
2025-11-25;30467498;2391;106;756.63;18;11320;4.43;7.14;16.98
2025-11-17;30467498;138;1;43.54;1;630;0.72;43.54;100
2025-11-18;30467498;9366;455;2933.07;37;23308;4.86;6.45;8.13
2025-11-26;30467498;23;1;7.33;0;0;4.35;7.33;0
2025-11-16;29709658;1959;88;3049.54;8;6480;4.49;34.65;9.09
2025-11-17;29709658;5;2;6.95;0;0;40;3.47;0
2025-11-19;29709658;664;17;1044.89;2;1560;2.56;61.46;11.76
2025-11-21;29709658;1811;79;1174.6;7;5040;4.36;14.87;8.86
2025-11-23;29709658;2455;91;1525.39;5;3510;3.71;16.76;5.49
2025-11-13;29709658;34;1;50.95;1;830;2.94;50.95;100
2025-11-14;29709658;1472;71;2017.27;7;5670;4.82;28.41;9.86
2025-11-18;29709658;5;1;4.97;0;0;20;4.97;0
2025-11-20;29709658;1880;83;2971.07;10;7019;4.41;35.8;12.05
2025-11-22;29709658;3176;133;1912.22;11;7920;4.19;14.38;8.27
2025-11-24;29709658;371;11;220.44;4;2880;2.96;20.04;36.36
2025-11-25;29709658;1859;73;1155.24;8;5760;3.93;15.83;10.96
2025-11-15;29709658;788;42;1052.09;3;2430;5.33;25.05;7.14
2025-11-26;29709658;490;19;310.22;2;1560;3.88;16.33;10.53
2025-11-21;29731520;1699;122;3076.85;15;9538;7.18;25.22;12.3
2025-11-22;29731520;1681;101;3198.59;11;6930;6.01;31.67;10.89
2025-11-24;29731520;3973;282;6639.92;39;24178;7.1;23.55;13.83
2025-11-25;29731520;3200;173;5316.37;30;19378;5.41;30.73;17.34
2025-11-14;29731520;1792;127;3045.27;17;10889;7.09;23.98;13.39
2025-11-16;29731520;3717;236;6132.75;37;23309;6.35;25.99;15.68
2025-11-20;29731520;1638;111;3105.59;19;11969;6.78;27.98;17.12
2025-11-23;29731520;1891;160;3133.99;22;13859;8.46;19.59;13.75
2025-11-26;29731520;58;2;99.15;6;4080;3.45;49.58;300
2025-11-15;29731520;1293;106;2186.5;20;12780;8.2;20.63;18.87
2025-11-17;29731520;2479;244;4143.22;41;25829;9.84;16.98;16.8
2025-11-18;29731520;2805;218;4584.68;40;25198;7.77;21.03;18.35
2025-11-19;29731520;4619;340;8126.3;55;34742;7.36;23.9;16.18
2025-11-27;29731520;1;1;1.7;0;0;100;1.7;0
2025-11-22;30467700;9241;311;3378.53;11;13859;3.37;10.86;3.54
2025-11-24;30467700;13834;453;4734.74;16;19361;3.27;10.45;3.53
2025-11-26;30467700;5387;156;1847.67;3;3726;2.9;11.84;1.92
2025-11-16;30467700;8334;299;4162.44;11;13860;3.59;13.92;3.68
2025-11-17;30467700;6843;254;3417.97;11;13350;3.71;13.46;4.33
2025-11-18;30467700;12860;525;4382.14;18;22168;4.08;8.35;3.43
2025-11-23;30467700;5246;166;1807.77;5;6299;3.16;10.89;3.01
2025-11-25;30467700;5800;177;1994.07;10;11913;3.05;11.27;5.65
2025-11-19;30467700;13515;502;5223.34;16;20162;3.71;10.41;3.19
2025-11-20;30467700;10746;317;3982.16;12;14610;2.95;12.56;3.79
2025-11-21;30467700;9430;285;3454.63;14;17628;3.02;12.12;4.91
2025-11-27;30467700;2303;80;785.88;2;2141;3.47;9.82;2.5
2025-11-18;30535614;2861;49;1022.13;3;2760;1.71;20.86;6.12
2025-11-19;30535614;2044;48;668.83;3;2762;2.35;13.93;6.25
2025-11-21;30535614;1006;21;334.35;3;2759;2.09;15.92;14.29
2025-11-22;30535614;2426;60;771.45;4;3000;2.47;12.86;6.67
2025-11-26;30535614;1757;24;628.69;0;0;1.37;26.2;0
2025-11-20;30535614;3415;63;1097.58;1;750;1.84;17.42;1.59
2025-11-23;30535614;2354;56;754.04;2;2010;2.38;13.46;3.57
2025-11-24;30535614;48;2;15.39;0;0;4.17;7.7;0
2025-11-25;30535614;89;1;31.74;0;0;1.12;31.74;0
2025-11-27;30535614;486;6;174.1;0;0;1.23;29.02;0
2025-11-24;30467498;5136;204;1617.27;20;12501;3.97;7.93;9.8
2025-11-25;30467498;2391;106;756.63;20;12559;4.43;7.14;18.87
2025-11-26;30467498;162;5;51.1;2;1360;3.09;10.22;40
2025-11-17;30467498;138;1;43.54;1;630;0.72;43.54;100
2025-11-18;30467498;9366;455;2933.07;37;23308;4.86;6.45;8.13
2025-11-19;30467498;8222;362;2851.85;32;20161;4.4;7.88;8.84
2025-11-22;30467498;9607;433;3058.02;44;27898;4.51;7.06;10.16
2025-11-16;30467498;6206;264;2027.81;34;21780;4.25;7.68;12.88
2025-11-20;30467498;7714;358;2452.64;41;26006;4.64;6.85;11.45
2025-11-21;30467498;9690;410;3012.37;40;25281;4.23;7.35;9.76
2025-11-23;30467498;5234;264;1656.58;26;16468;5.04;6.27;9.85
2025-11-27;30467498;5;1;1.6;0;0;20;1.6;0
2025-11-26;29709658;3924;110;2427.22;13;9937;2.8;22.07;11.82
2025-11-14;29709658;1472;71;2017.27;7;5670;4.82;28.41;9.86
2025-11-17;29709658;5;2;6.95;0;0;40;3.47;0
2025-11-18;29709658;5;1;4.97;0;0;20;4.97;0
2025-11-20;29709658;1880;83;2971.07;10;7019;4.41;35.8;12.05
2025-11-22;29709658;3176;133;1912.22;11;7920;4.19;14.38;8.27
2025-11-24;29709658;371;11;220.44;4;2880;2.96;20.04;36.36
2025-11-15;29709658;788;42;1052.09;3;2430;5.33;25.05;7.14
2025-11-16;29709658;1959;88;3049.54;8;6480;4.49;34.65;9.09
2025-11-19;29709658;664;17;1044.89;2;1560;2.56;61.46;11.76
2025-11-21;29709658;1811;79;1174.6;7;5040;4.36;14.87;8.86
2025-11-23;29709658;2455;91;1525.39;5;3510;3.71;16.76;5.49
2025-11-25;29709658;1859;73;1155.24;10;7260;3.93;15.83;13.7
2025-11-27;29709658;638;27;441.45;3;2240;4.23;16.35;11.11
2025-11-16;29731520;3717;236;6132.75;37;23309;6.35;25.99;15.68
2025-11-22;29731520;1681;101;3198.59;11;6930;6.01;31.67;10.89
2025-11-23;29731520;1891;160;3133.99;22;13859;8.46;19.59;13.75
2025-11-25;29731520;3200;173;5316.38;32;20738;5.41;30.73;18.5
2025-11-26;29731520;58;2;99.15;6;4080;3.45;49.58;300
2025-11-15;29731520;1293;106;2186.5;20;12780;8.2;20.63;18.87
2025-11-17;29731520;2479;244;4143.22;41;25829;9.84;16.98;16.8
2025-11-18;29731520;2805;218;4584.68;40;25198;7.77;21.03;18.35
2025-11-19;29731520;4619;340;8126.3;55;34742;7.36;23.9;16.18
2025-11-20;29731520;1638;111;3105.59;19;11969;6.78;27.98;17.12
2025-11-21;29731520;1699;122;3076.85;15;9538;7.18;25.22;12.3
2025-11-24;29731520;3973;282;6639.92;39;24178;7.1;23.55;13.83
2025-11-27;29731520;8;3;13.95;1;680;37.5;4.65;33.33
2025-11-26;30467700;5387;156;1847.67;3;3726;2.9;11.84;1.92
2025-11-27;30467700;27934;920;9528.47;14;17044;3.29;10.36;1.52
2025-11-17;30467700;6843;254;3417.97;11;13350;3.71;13.46;4.33
2025-11-18;30467700;12860;525;4382.14;18;22168;4.08;8.35;3.43
2025-11-19;30467700;13515;502;5223.34;16;20162;3.71;10.41;3.19
2025-11-21;30467700;9430;285;3454.63;14;17628;3.02;12.12;4.91
2025-11-22;30467700;9241;311;3378.53;11;13859;3.37;10.86;3.54
2025-11-23;30467700;5246;166;1807.77;5;6299;3.16;10.89;3.01
2025-11-24;30467700;13834;453;4734.74;16;19361;3.27;10.45;3.53
2025-11-25;30467700;5800;177;1994.07;10;11913;3.05;11.27;5.65
2025-11-16;30467700;8334;299;4162.44;11;13860;3.59;13.92;3.68
2025-11-20;30467700;10746;317;3982.16;12;14610;2.95;12.56;3.79
2025-11-28;30467700;1324;31;448.56;3;3168;2.34;14.47;9.68
2025-11-27;30535614;5075;70;1814.78;1;1242;1.38;25.93;1.43
2025-11-25;30535614;89;1;31.74;0;0;1.12;31.74;0
2025-11-26;30535614;1757;24;628.69;0;0;1.37;26.2;0
2025-11-18;30535614;2861;49;1022.13;3;2760;1.71;20.86;6.12
2025-11-19;30535614;2044;48;668.83;3;2762;2.35;13.93;6.25
2025-11-20;30535614;3415;63;1097.58;1;750;1.84;17.42;1.59
2025-11-21;30535614;1006;21;334.35;3;2759;2.09;15.92;14.29
2025-11-22;30535614;2426;60;771.45;4;3000;2.47;12.86;6.67
2025-11-23;30535614;2354;56;754.04;2;2010;2.38;13.46;3.57
2025-11-24;30535614;48;2;15.39;0;0;4.17;7.7;0
2025-11-28;30535614;634;19;227.02;0;0;3;11.95;0
2025-11-21;30467498;9690;410;3012.37;40;25281;4.23;7.35;9.76
2025-11-22;30467498;9607;433;3058.02;44;27898;4.51;7.06;10.16
2025-11-24;30467498;5136;204;1617.27;20;12501;3.97;7.93;9.8
2025-11-25;30467498;2391;106;756.63;20;12559;4.43;7.14;18.87
2025-11-26;30467498;162;5;51.1;2;1360;3.09;10.22;40
2025-11-27;30467498;51;1;17.79;1;680;1.96;17.79;100
2025-11-16;30467498;6206;264;2027.81;34;21780;4.25;7.68;12.88
2025-11-17;30467498;138;1;43.54;1;630;0.72;43.54;100
2025-11-18;30467498;9366;455;2933.07;37;23308;4.86;6.45;8.13
2025-11-23;30467498;5234;264;1656.58;26;16468;5.04;6.27;9.85
2025-11-19;30467498;8222;362;2851.85;32;20161;4.4;7.88;8.84
2025-11-20;30467498;7714;358;2452.64;41;26006;4.64;6.85;11.45
2025-11-28;30467498;7;0;2.21;0;0;0;0;0
2025-11-19;29709658;664;17;1044.89;2;1560;2.56;61.46;11.76
2025-11-21;29709658;1811;79;1174.6;7;5040;4.36;14.87;8.86
2025-11-22;29709658;3176;133;1912.22;11;7920;4.19;14.38;8.27
2025-11-24;29709658;371;11;220.44;4;2880;2.96;20.04;36.36
2025-11-25;29709658;1859;73;1155.24;11;8040;3.93;15.83;15.07
2025-11-27;29709658;4016;144;2600.5;10;7700;3.59;18.06;6.94
2025-11-15;29709658;788;42;1052.09;3;2430;5.33;25.05;7.14
2025-11-16;29709658;1959;88;3049.54;8;6480;4.49;34.65;9.09
2025-11-20;29709658;1880;83;2971.07;10;7019;4.41;35.8;12.05
2025-11-23;29709658;2455;91;1525.39;5;3510;3.71;16.76;5.49
2025-11-26;29709658;3924;110;2427.22;13;9937;2.8;22.07;11.82
2025-11-17;29709658;5;2;6.95;0;0;40;3.47;0
2025-11-18;29709658;5;1;4.97;0;0;20;4.97;0
2025-11-28;29709658;565;24;363.12;5;3449;4.25;15.13;20.83
2025-11-20;29731520;1638;111;3105.59;19;11969;6.78;27.98;17.12
2025-11-21;29731520;1699;122;3076.85;15;9538;7.18;25.22;12.3
2025-11-24;29731520;3973;282;6639.92;39;24178;7.1;23.55;13.83
2025-11-29;29731520;6037;463;8156.32;70;43099;7.67;17.62;15.12
2025-11-30;29731520;28;3;43.02;5;3050;10.71;14.34;166.67
2025-11-22;29731520;1681;101;3198.59;11;6930;6.01;31.67;10.89
2025-11-23;29731520;1891;160;3133.99;22;13859;8.46;19.59;13.75
2025-11-25;29731520;3200;173;5316.38;32;20738;5.41;30.73;18.5
2025-11-26;29731520;58;2;99.15;6;4080;3.45;49.58;300.0
2025-11-27;29731520;8;3;13.95;1;680;37.5;4.65;33.33
2025-11-28;29731520;35;4;59.75;1;610;11.43;14.94;25.0
2025-12-01;29731520;15;1;18.52;0;0;6.67;18.52;0.0
2025-11-19;29731520;4619;340;8126.3;55;34742;7.36;23.9;16.18
2025-12-02;29731520;1104;103;1563.77;13;7800;9.33;15.18;12.62
2025-12-01;30467700;15249;501;5208.26;25;29663;3.29;10.4;4.99
2025-11-20;30467700;10746;317;3982.16;12;14610;2.95;12.56;3.79
2025-11-21;30467700;9430;285;3454.63;14;17628;3.02;12.12;4.91
2025-11-23;30467700;5246;166;1807.77;5;6299;3.16;10.89;3.01
2025-11-24;30467700;13834;453;4734.74;16;19361;3.27;10.45;3.53
2025-11-25;30467700;5800;177;1994.07;10;11913;3.05;11.27;5.65
2025-11-28;30467700;11397;362;3886.48;16;19078;3.18;10.74;4.42
2025-11-29;30467700;9915;376;3368.59;21;24694;3.79;8.96;5.59
2025-11-30;30467700;940;29;323.36;5;6119;3.09;11.15;17.24
2025-11-19;30467700;13515;502;5223.34;16;20162;3.71;10.41;3.19
2025-11-22;30467700;9241;311;3378.53;11;13859;3.37;10.86;3.54
2025-11-26;30467700;5387;156;1847.67;4;4968;2.9;11.84;2.56
2025-11-27;30467700;27934;920;9528.47;16;19528;3.29;10.36;1.74
2025-12-02;30467700;5633;185;1922.64;3;3618;3.28;10.39;1.62
2025-11-29;30535614;70;1;29.79;1;720;1.43;29.79;100.0
2025-11-30;30535614;27;0;9.47;0;0;0.0;0.0;0.0
2025-11-22;30535614;2426;60;771.45;4;3000;2.47;12.86;6.67
2025-11-23;30535614;2354;56;754.04;2;2010;2.38;13.46;3.57
2025-11-24;30535614;48;2;15.39;0;0;4.17;7.7;0.0
2025-11-27;30535614;5075;70;1814.78;1;1242;1.38;25.93;1.43
2025-11-28;30535614;4597;136;1643.39;6;4823;2.96;12.08;4.41
2025-12-01;30535614;11;0;3.84;0;0;0.0;0.0;0.0
2025-11-19;30535614;2044;48;668.83;3;2762;2.35;13.93;6.25
2025-11-20;30535614;3415;63;1097.58;1;750;1.84;17.42;1.59
2025-11-21;30535614;1006;21;334.35;3;2759;2.09;15.92;14.29
2025-11-25;30535614;89;1;31.74;0;0;1.12;31.74;0.0
2025-11-26;30535614;1757;24;628.69;2;2142;1.37;26.2;8.33
2025-12-02;30535614;14;0;4.93;0;0;0.0;0.0;0.0
2025-11-29;30467498;39;0;12.42;2;1219;0.0;0.0;0.0
2025-11-30;30467498;3061;176;960;15;9250;5.75;5.45;8.52
2025-12-01;30467498;15471;821;4859.84;71;42697;5.31;5.92;8.65
2025-11-19;30467498;8222;362;2851.85;32;20161;4.4;7.88;8.84
2025-11-20;30467498;7714;358;2452.64;41;26006;4.64;6.85;11.45
2025-11-21;30467498;9690;410;3012.37;40;25281;4.23;7.35;9.76
2025-11-22;30467498;9607;433;3058.02;44;27898;4.51;7.06;10.16
2025-11-25;30467498;2391;106;756.63;20;12559;4.43;7.14;18.87
2025-11-26;30467498;162;5;51.1;2;1360;3.09;10.22;40.0
2025-11-27;30467498;51;1;17.79;1;680;1.96;17.79;100.0
2025-11-28;30467498;40;3;12.67;4;2539;7.5;4.22;133.33
2025-11-23;30467498;5234;264;1656.58;26;16468;5.04;6.27;9.85
2025-11-24;30467498;5136;204;1617.27;20;12501;3.97;7.93;9.8
2025-12-02;30467498;0;0;0;42;25199;0.0;0.0;0.0
2025-11-21;29709658;1811;79;1174.6;7;5040;4.36;14.87;8.86
2025-11-24;29709658;371;11;220.44;4;2880;2.96;20.04;36.36
2025-11-27;29709658;4016;144;2600.5;12;9260;3.59;18.06;8.33
2025-11-28;29709658;3619;192;2247.02;26;18259;5.31;11.7;13.54
2025-11-29;29709658;4596;198;2943.08;21;14809;4.31;14.86;10.61
2025-11-30;29709658;5314;252;3258.67;26;17959;4.74;12.93;10.32
2025-11-20;29709658;1880;83;2971.07;10;7019;4.41;35.8;12.05
2025-11-22;29709658;3176;133;1912.22;11;7920;4.19;14.38;8.27
2025-11-23;29709658;2455;91;1525.39;5;3510;3.71;16.76;5.49
2025-11-25;29709658;1859;73;1155.24;11;8040;3.93;15.83;15.07
2025-11-26;29709658;3924;110;2427.22;13;9937;2.8;22.07;11.82
2025-12-01;29709658;5788;283;3597.27;25;17095;4.89;12.71;8.83
2025-12-02;29709658;864;42;587.16;9;6200;4.86;13.98;21.43
2025-11-21;29731520;1699;122;3076.85;15;9538;7.18;25.22;12.3
2025-11-22;29731520;1681;101;3198.59;11;6930;6.01;31.67;10.89
2025-11-24;29731520;3973;282;6639.92;39;24178;7.1;23.55;13.83
2025-11-26;29731520;58;2;99.15;6;4080;3.45;49.58;300.0
2025-11-27;29731520;8;3;13.95;1;680;37.5;4.65;33.33
2025-11-28;29731520;35;4;59.75;1;610;11.43;14.94;25.0
2025-11-29;29731520;6037;463;8156.32;70;43099;7.67;17.62;15.12
2025-12-01;29731520;15;1;18.52;0;0;6.67;18.52;0.0
2025-11-20;29731520;1638;111;3105.59;19;11969;6.78;27.98;17.12
2025-11-23;29731520;1891;160;3133.99;22;13859;8.46;19.59;13.75
2025-11-25;29731520;3200;173;5316.37;32;20738;5.41;30.73;18.5
2025-11-30;29731520;28;3;43.02;5;3050;10.71;14.34;166.67
2025-12-03;29731520;0;2;0;1;600;0.0;0.0;50.0
2025-12-02;29731520;1104;103;1563.77;13;7800;9.33;15.18;12.62
2025-11-21;30467700;9430;285;3454.63;14;17628;3.02;12.12;4.91
2025-11-23;30467700;5246;166;1807.77;5;6299;3.16;10.89;3.01
2025-11-24;30467700;13834;453;4734.74;16;19361;3.27;10.45;3.53
2025-11-26;30467700;5387;156;1847.67;4;4968;2.9;11.84;2.56
2025-11-27;30467700;27934;920;9528.47;16;19528;3.29;10.36;1.74
2025-11-29;30467700;9915;376;3368.59;21;24694;3.79;8.96;5.59
2025-11-30;30467700;940;29;323.36;5;6119;3.09;11.15;17.24
2025-11-20;30467700;10746;317;3982.16;12;14610;2.95;12.56;3.79
2025-11-22;30467700;9241;311;3378.53;11;13859;3.37;10.86;3.54
2025-11-25;30467700;5800;177;1994.07;10;11913;3.05;11.27;5.65
2025-11-28;30467700;11397;362;3886.48;16;19078;3.18;10.74;4.42
2025-12-01;30467700;15249;501;5208.26;25;29663;3.29;10.4;4.99
2025-12-03;30467700;18;0;6.27;0;0;0.0;0.0;0.0
2025-12-02;30467700;5634;185;1922.99;3;3618;3.28;10.39;1.62
2025-11-29;30535614;70;1;29.79;1;720;1.43;29.79;100.0
2025-11-30;30535614;27;0;9.47;0;0;0.0;0.0;0.0
2025-11-21;30535614;1006;21;334.35;3;2759;2.09;15.92;14.29
2025-11-23;30535614;2354;56;754.04;2;2010;2.38;13.46;3.57
2025-11-27;30535614;5075;70;1814.78;1;1242;1.38;25.93;1.43
2025-12-01;30535614;11;0;3.84;0;0;0.0;0.0;0.0
2025-11-20;30535614;3415;63;1097.58;1;750;1.84;17.42;1.59
2025-11-22;30535614;2426;60;771.45;4;3000;2.47;12.86;6.67
2025-11-24;30535614;48;2;15.39;0;0;4.17;7.7;0.0
2025-11-25;30535614;89;1;31.74;0;0;1.12;31.74;0.0
2025-11-26;30535614;1757;24;628.69;2;2142;1.37;26.2;8.33
2025-11-28;30535614;4597;136;1643.39;6;4823;2.96;12.08;4.41
2025-12-02;30535614;14;0;4.93;0;0;0.0;0.0;0.0
2025-11-20;30467498;7714;358;2452.64;41;26006;4.64;6.85;11.45
2025-11-22;30467498;9607;433;3058.02;44;27898;4.51;7.06;10.16
2025-11-23;30467498;5234;264;1656.58;26;16468;5.04;6.27;9.85
2025-12-01;30467498;15471;821;4859.84;71;42697;5.31;5.92;8.65
2025-11-21;30467498;9690;410;3012.37;40;25281;4.23;7.35;9.76
2025-11-24;30467498;5136;204;1617.27;20;12501;3.97;7.93;9.8
2025-11-25;30467498;2391;106;756.63;20;12559;4.43;7.14;18.87
2025-11-26;30467498;162;5;51.1;2;1360;3.09;10.22;40.0
2025-11-27;30467498;51;1;17.79;1;680;1.96;17.79;100.0
2025-11-28;30467498;40;3;12.67;4;2539;7.5;4.22;133.33
2025-11-29;30467498;39;0;12.42;2;1219;0.0;0.0;0.0
2025-11-30;30467498;3061;176;960;15;9250;5.75;5.45;8.52
2025-12-02;30467498;6336;314;1993.27;42;25199;4.96;6.35;13.38
2025-12-03;30467498;5;2;1.6;0;0;40.0;0.8;0.0
2025-11-21;29709658;1811;79;1174.6;7;5040;4.36;14.87;8.86
2025-11-23;29709658;2455;91;1525.39;5;3510;3.71;16.76;5.49
2025-11-25;29709658;1859;73;1155.24;11;8040;3.93;15.83;15.07
2025-11-26;29709658;3924;110;2427.22;13;9937;2.8;22.07;11.82
2025-11-27;29709658;4016;144;2600.5;12;9260;3.59;18.06;8.33
2025-11-30;29709658;5314;252;3258.67;26;17959;4.74;12.93;10.32
2025-12-01;29709658;5788;283;3597.27;25;17095;4.89;12.71;8.83
2025-11-22;29709658;3176;133;1912.22;11;7920;4.19;14.38;8.27
2025-11-24;29709658;371;11;220.44;4;2880;2.96;20.04;36.36
2025-11-28;29709658;3619;192;2247.02;26;18259;5.31;11.7;13.54
2025-11-29;29709658;4596;198;2943.08;21;14809;4.31;14.86;10.61
2025-11-20;29709658;1880;83;2971.07;10;7019;4.41;35.8;12.05
2025-12-02;29709658;864;42;587.16;9;6200;4.86;13.98;21.43
